,A,R,N,D,C,Q,E,G,H,I,L,K,M,F,P,S,T,W,Y,V
M,-2,-2,-3,-4,-2,-2,-3,-3,-2,1,2,-2,5,4,-3,-2,-1,-1,1,0
Q,-1,1,-1,-1,-4,6,2,-2,0,-3,-3,3,-1,-4,-2,-1,-1,-3,-2,-3
S,3,-1,-1,-1,-2,1,0,0,-2,-3,-3,-1,-2,-3,-2,3,1,-3,-2,-2
T,1,-2,1,4,-2,-1,0,-2,-2,-1,-2,0,1,-3,-2,0,3,-4,-3,-1
S,0,-3,0,-2,-2,-2,-2,-3,-3,2,0,-2,-1,-2,4,1,-1,-4,-2,2
N,0,2,3,0,-3,0,3,0,-1,-3,-2,0,-2,-3,-2,2,0,-4,-3,-3
H,-2,1,-1,4,-4,0,3,0,4,-4,-4,1,-3,-3,-2,0,-2,-4,0,-4
L,-1,1,-2,-2,1,-1,-2,-2,2,1,1,-1,1,3,-3,-2,-1,-2,2,1
W,-5,-5,-5,-6,-5,-5,-5,-6,-2,-4,-3,-5,-3,6,-6,-5,-5,7,8,-4
L,-3,1,-2,3,-4,0,5,-4,1,-1,-1,0,-1,-4,-3,-1,0,-5,-3,-2
L,-2,0,-4,-4,-3,-3,-3,-4,-3,3,3,-1,2,1,-1,-3,1,-3,0,2
S,-1,0,-2,-1,-1,0,0,2,-1,0,1,1,0,-1,-3,0,-1,-3,-2,0
D,-1,3,-1,2,-5,0,4,0,-2,-5,-4,3,-4,-4,-3,-2,-3,-4,-1,-4
I,-1,1,-2,-2,-3,-1,1,-4,-3,1,1,0,0,-3,-1,-2,3,-4,-3,3
L,-4,-5,-6,-6,-3,-5,-5,-6,-5,4,5,-5,0,-2,-5,-5,-2,-4,-3,1
G,-3,-5,-3,-4,-6,-5,-5,7,-5,-7,-7,-5,-6,-6,-5,-3,-5,-6,-6,-6
Q,-2,1,0,1,-4,2,2,-1,0,-3,-4,3,-2,-4,-3,1,2,-4,-3,-1
G,-3,-5,-3,-4,-6,-5,-5,7,-5,-7,-7,-5,-6,-6,-5,-3,-5,-6,-6,-6
A,3,-1,2,-2,-3,1,-2,1,-1,-3,-4,0,-3,-4,-3,3,2,-4,-3,-1
T,-4,-5,-5,-6,-1,-5,-5,-6,-3,-3,-3,-5,-3,8,-6,-2,1,-2,6,-4
A,3,-4,-3,-4,-4,-4,-4,6,-4,-5,-5,-3,-4,-5,-4,2,-3,-5,-5,-4
N,-2,2,2,-2,-3,1,1,-2,-2,1,-2,3,-2,-3,-3,0,-1,-4,-3,3
V,-2,-5,-6,-6,3,-5,-5,-6,-6,0,-2,-5,-2,-4,-5,-4,-3,-6,-4,7
F,-3,1,-3,-4,0,1,-2,-4,1,0,0,3,2,3,-4,-3,-3,-2,5,-1
R,-1,3,-3,-3,-4,0,0,-2,-3,-2,3,3,0,-3,-4,-3,-2,-4,-3,-2
G,3,-4,-4,-4,7,-4,-4,3,-4,-1,-3,-4,-3,-4,-4,-2,-3,1,-2,2
R,-3,5,-2,-3,-1,1,0,-4,0,0,-2,2,-1,-2,-4,-2,-1,-4,1,1
H,-3,0,2,1,0,0,3,-4,8,-5,-4,1,-4,-4,-4,-1,-3,-5,-2,-4
K,-2,4,-1,-3,-2,0,0,-4,-2,0,-2,5,-3,-4,-3,-2,-1,-5,-4,1
K,1,-1,0,1,-2,0,2,-1,0,-2,-1,2,-2,-2,0,1,0,-3,-2,-1
T,-1,-3,-1,0,-4,-3,-3,-4,-4,-4,-3,-2,-3,-5,-4,2,7,-5,-4,-3
G,-1,1,1,-1,-1,0,-1,5,1,-5,-5,0,-4,-5,-4,-1,-2,-4,-4,-5
D,-1,2,-1,0,-4,4,2,-3,2,-3,-1,2,-1,-1,-3,-1,-1,-1,-2,-1
L,-1,0,-2,-1,-3,1,2,-3,0,1,1,1,1,0,0,-2,-2,-3,0,0
F,-1,-4,-5,-5,-4,-4,-5,-5,-3,1,0,-4,-2,3,-5,-4,-3,2,5,4
A,7,-4,-5,-5,-3,-4,-4,-3,-5,-4,-4,-4,-4,-5,-4,-2,-3,-6,-5,-2
I,0,-4,-5,-5,-3,-4,-4,-3,-5,5,1,-4,4,-2,-4,-3,-2,1,-3,3
K,-4,-1,-3,-4,-6,-2,-2,-5,-4,-6,-6,8,-5,-6,-4,-3,-4,-6,-5,-6
V,-2,-1,-4,-4,2,0,-1,-5,-4,4,-1,-1,0,0,-4,-2,-2,-4,-3,4
F,-3,-5,-5,-5,1,-4,-5,-6,-5,5,3,-5,3,2,-5,-4,-3,-4,-2,2
N,-2,1,3,4,-4,0,0,-3,-2,-4,-4,3,-4,-1,1,0,-2,-4,-2,-4
N,-2,0,0,-1,-4,0,0,-4,-3,-3,-1,6,-1,-4,-3,-1,1,-5,-1,0
I,0,1,-1,-1,-3,1,2,-2,-2,-1,-2,2,-1,-2,0,1,1,-3,-2,-2
S,0,2,-1,-1,-3,2,1,-2,-2,-2,-2,3,-1,-2,-1,2,0,-4,-3,-1
F,0,-1,-2,-1,2,-2,0,-3,-2,1,2,-1,2,1,-3,0,-1,-2,1,0
L,-1,1,0,1,-1,0,1,-2,-2,-1,0,1,-1,-1,2,0,0,-3,-1,-1
R,-2,3,-1,2,-4,1,2,0,-2,-4,-4,3,-3,-4,-2,1,1,1,-3,-4
P,0,0,1,2,-1,1,2,-1,-2,-3,-2,2,-1,-2,2,1,-1,-4,-2,-1
V,-1,2,-1,-1,-3,1,3,-3,0,0,0,-1,0,-3,-2,-1,0,-4,-3,2
D,-1,-1,0,2,0,3,4,-1,2,-3,-4,1,-2,-4,-1,-1,-2,-4,-2,-2
V,-1,1,1,0,-3,1,0,-3,3,0,-1,1,2,-2,0,0,-1,-3,-2,0
Q,0,-2,-1,-3,0,1,-2,-3,-3,3,2,-2,0,-2,-3,-1,2,2,-1,1
M,-1,1,-2,-1,1,1,1,-2,1,0,2,1,2,1,-3,-2,-2,-2,0,0
R,-2,5,3,-2,-1,1,0,-3,1,-3,-1,2,0,-4,-3,0,1,-4,-3,-2
E,-4,-3,-4,-2,-7,-1,8,-5,-3,-7,-6,-2,-5,-7,-4,-3,-4,-6,-5,-6
F,-1,1,-4,-5,-3,-4,-4,-4,-4,5,0,-1,-1,0,-4,-2,-2,-4,-3,3
E,0,2,2,1,-4,3,3,-2,-1,-4,-3,1,-3,-4,-3,1,-1,-4,-3,-3
V,-1,-5,-2,-5,-1,-4,-5,-5,-5,6,1,-4,2,-1,-5,-2,-3,-5,-3,3
L,-3,-4,-3,-5,1,0,-4,-5,1,0,5,-4,5,-2,-5,-4,-3,-4,-3,-2
K,0,4,0,-2,-1,2,0,-3,0,-4,-3,5,-3,-4,-3,0,-2,-5,-3,-3
K,-1,2,1,-1,-2,2,1,-1,2,-2,0,2,1,-2,-3,0,-1,-3,-2,-2
L,-2,-4,-5,-5,3,-4,-4,-5,-4,2,4,-4,1,0,-4,-3,-2,-3,0,2
N,-2,3,4,1,-2,1,0,-2,3,-4,-3,3,-3,-4,-3,0,-1,-5,-3,-4
H,-5,-3,-3,-4,-6,-1,-3,-5,10,-6,-6,-4,-5,0,-5,-1,-5,-5,-1,-6
K,-1,0,-4,-3,-5,0,1,-4,-2,-5,-5,0,-5,-6,7,-3,-3,-6,-5,-4
N,-4,-2,7,-2,-1,-3,-3,-2,5,-5,-5,-2,-4,3,-5,-2,-3,0,1,-5
I,-3,-5,-5,-5,-3,-5,-5,-6,-5,6,2,-5,-1,-2,-5,-4,-3,-5,-3,3
V,-1,-4,-5,-5,0,-4,-4,-5,-5,4,0,-4,-1,-3,-4,-3,0,-5,-3,6
K,0,3,1,-1,-4,3,0,-2,0,-3,-2,4,-1,-4,-3,-1,1,-4,-3,-3
L,-1,-4,-5,-5,-1,-4,-5,-5,-4,0,5,-4,0,1,-5,-4,-3,-3,3,-1
F,-2,0,-2,-2,-2,-1,1,-3,4,-1,0,2,-1,2,-3,-2,-2,-1,5,-1
A,0,-2,1,4,1,1,3,1,1,-3,-3,-1,-2,-3,-2,-1,-1,-1,-1,-3
I,1,-2,-2,-3,1,-2,-2,-3,0,2,-1,-2,1,0,-2,1,0,-2,1,3
E,-3,-2,-4,-2,-4,-1,0,-5,-1,2,0,-3,0,6,-1,-3,-3,0,5,-2
E,0,1,-2,1,-4,0,5,-3,1,-1,-3,-1,-3,-2,-3,1,-1,1,1,-3
E,-1,0,1,3,-2,0,2,-1,0,-2,-1,0,1,2,-1,0,1,-2,0,-2
T,0,1,1,0,-2,2,1,0,-1,-2,-2,2,-1,-3,1,1,0,-2,-2,-1
T,-1,0,2,1,-2,-1,-1,-1,-2,-2,-3,0,-2,-3,0,1,4,-3,-3,-1
T,-1,0,2,2,-3,0,1,-1,0,-2,-3,2,-2,-3,3,0,0,-3,-2,-2
R,-1,1,0,2,-2,0,0,1,0,-1,-1,0,0,-2,-1,0,1,-2,-2,-2
H,-2,1,0,-1,-3,1,1,-2,5,-2,-1,1,0,1,-2,-1,0,-2,2,-2
K,-2,-3,-3,-4,-1,-3,-3,-4,0,3,4,-1,1,0,0,-3,-1,-3,0,2
V,-3,-4,-4,-5,0,-3,-4,-4,-2,-2,-1,-2,-2,3,-4,-2,-2,5,7,1
L,-3,-4,-5,-5,-3,-4,-5,-5,-4,3,5,-4,4,1,-5,-4,-3,-3,-2,0
I,-1,-5,-5,-5,-3,-4,-5,-5,-5,4,-1,-4,0,1,-4,-4,-2,-4,-3,6
M,-4,-4,-5,-6,-4,-4,-5,-5,-4,0,3,-4,8,3,-5,-4,-1,-4,-3,-2
E,-4,-3,-3,2,-6,0,7,-5,-3,-6,-6,-1,-5,-6,-4,-3,-4,-6,-5,-5
F,-4,-4,-5,-5,-2,-2,-3,-5,0,-2,3,-2,0,4,-5,-4,-4,-1,7,-3
C,1,-4,-5,-5,7,-4,-4,-3,-5,0,1,-4,3,-3,-4,-3,-2,-4,-4,4
P,-1,0,2,1,-3,0,1,0,1,-4,-4,1,-3,-4,3,2,0,-4,-3,-3
C,0,0,0,-2,1,-2,-3,6,-3,-5,-4,-1,-4,-4,-3,-1,-3,-4,-4,-4
G,-2,-4,-3,-1,-5,-4,-2,7,-4,-6,-6,-3,-5,-5,-4,-3,-4,-5,-5,-5
S,-2,-3,0,4,-5,-1,5,-3,-2,-4,-4,-2,1,-5,-2,2,-2,-5,-4,-4
L,-3,-4,-5,-5,-3,-4,-5,-5,-5,1,5,-4,3,-2,-5,-4,-3,-4,-3,2
Y,-1,-1,-2,-2,-4,-3,-2,-4,1,-2,0,-2,1,6,-5,-1,-2,-2,3,-2
T,-1,0,0,5,-4,1,2,-3,0,-4,-4,1,0,-1,-3,1,1,-4,-2,-4
V,-1,2,-2,-1,-3,-1,-1,-4,3,1,0,0,-1,1,-3,-2,-2,-2,4,1
L,-3,-4,-5,-5,-3,-4,-5,-5,-5,5,4,-4,2,-2,-5,-4,-3,0,-3,0
E,-1,1,0,0,0,1,1,-2,1,0,-1,1,0,-2,-2,0,1,-3,-1,1
E,1,2,0,1,-3,1,3,-2,-1,-3,-2,2,-2,-3,-1,1,-1,-3,-2,-3
P,-1,2,0,0,-2,1,1,-1,1,-1,-1,2,0,-1,1,0,0,-2,-1,-1
S,-1,-1,1,1,-1,0,2,3,-1,-2,-3,1,-2,-3,0,1,0,1,-2,-1
N,-1,3,2,-1,-3,0,-1,0,2,-3,-3,3,-2,-3,-2,0,0,-3,-2,-3
A,0,1,0,0,2,0,1,0,-1,-1,-1,0,-1,-1,2,0,0,-1,-1,-1
Y,-1,1,0,0,1,0,0,0,1,0,0,0,0,1,-1,0,0,0,2,0
G,0,0,0,0,-1,0,0,2,0,0,-1,0,0,0,0,0,1,-1,0,0
L,-3,-4,-5,-3,-3,-2,-4,-5,-3,-1,4,-4,2,5,-5,-4,-3,-2,3,0
P,-1,0,0,1,-3,-2,0,-3,-3,-3,-2,0,-1,-4,4,3,3,-4,-3,-3
E,-4,-3,-3,-1,-6,-1,7,-5,-3,-6,-5,-2,-5,-6,-1,-2,-2,-6,-5,-5
S,0,2,0,2,-3,0,1,-1,0,-3,-3,2,-2,-4,2,1,0,-4,-3,-2
E,-1,1,-2,3,-4,1,4,-3,1,-2,-2,-1,-1,-2,-3,-2,1,2,-3,0
F,4,-3,-3,-4,0,-3,-3,-2,-4,3,-1,-3,-2,1,-3,-1,2,-4,-3,1
L,1,5,-2,-3,0,1,-2,-2,-2,-2,0,2,-1,-3,-3,1,-1,-4,-3,-2
I,-1,1,0,-2,-3,-1,-2,-3,2,0,0,0,-1,3,-3,0,1,0,1,0
V,-2,-3,-4,-5,0,-3,-4,-5,-2,3,1,-1,1,3,-4,-3,-3,1,5,2
L,0,-3,-4,-4,1,-3,-4,-2,-3,2,3,-3,4,3,-4,-2,0,-3,-1,1
R,1,4,-2,-3,-3,2,0,-2,2,-3,-3,1,-1,-1,-3,0,0,2,1,-3
D,-2,-2,-1,2,0,7,3,-4,-2,-5,-4,-1,-1,-5,-4,-1,-2,-5,-4,-4
V,-3,-4,-5,-5,-3,-4,-5,-5,-5,6,2,-4,2,-2,-4,-4,0,-4,-3,2
V,2,-4,-4,-4,2,-3,-4,-2,-4,1,3,-3,0,-2,-4,-2,-1,-4,-3,3
G,0,0,0,1,-2,1,2,0,-1,-2,0,1,-1,-3,-2,3,0,-4,-3,-1
G,5,-4,-3,-4,-3,-3,-3,4,-4,-4,-4,-3,-3,-5,-3,-1,0,-5,-4,-2
M,-3,-4,-5,-5,-3,-4,-4,-5,-4,3,4,-4,3,0,-4,-4,-2,-4,-3,4
N,0,2,2,2,-1,1,2,-1,2,-3,-2,1,0,-3,-2,0,-1,-3,0,-2
H,-3,-4,-3,-5,-5,-4,-3,-5,6,-3,-3,-4,-4,3,-5,-4,-3,1,8,-4
L,-3,-5,-6,-6,6,-5,-5,-6,-5,1,5,-5,2,-2,-5,-4,-3,-4,-4,-1
R,-5,0,-2,-5,-7,-3,-3,-6,11,-7,-6,-4,-5,-5,-6,-4,-5,-6,-2,-7
E,-1,1,-1,1,-2,2,2,0,-2,-2,-3,2,-3,-1,-3,3,-1,-4,-1,-3
N,-2,1,4,-2,-4,1,-1,-3,5,-2,1,3,2,-3,-4,-2,-2,-4,-1,-2
G,-2,2,3,1,-4,0,-2,4,2,-4,-4,1,0,-4,-3,0,-2,-4,0,-4
I,-3,-5,-5,-5,0,-2,-5,-6,-5,6,0,-3,-1,0,-5,-4,-3,-5,-1,3
V,-1,-4,-5,-5,-1,-4,-5,-5,-5,5,1,-4,-1,-1,-4,-2,-1,-4,-3,5
H,-5,-4,-3,-5,-6,-3,-4,-6,10,-6,-6,-4,-5,-4,-6,-4,-5,-5,4,-6
R,-4,8,-4,-5,0,-2,-3,-5,-3,-5,-1,-1,-4,-1,-5,-4,-4,-5,-4,-5
D,-5,-5,0,8,-7,-3,-1,-4,-4,-6,-7,-4,-6,-7,-5,-3,-4,-7,-6,-6
I,-4,-5,-6,-6,-3,-5,-5,-6,-5,4,5,-5,1,-2,-5,-5,-3,-4,-3,1
K,-4,-1,-3,-4,-6,-2,-2,-5,-4,-6,-6,8,-4,-6,-4,-3,-2,-6,-5,-5
P,1,-5,-5,-4,-5,-4,-4,-1,-5,-3,-1,-4,-4,-5,8,-2,-3,-6,-5,-4
G,-1,-3,-2,0,-6,2,6,1,-3,-6,-5,-1,-4,-6,-4,0,-3,-5,-5,-5
N,-5,-4,9,-2,-6,-3,-3,-4,-3,-7,-7,-3,-5,-6,-5,-3,-3,-7,-5,-6
I,-3,-4,-5,-5,-3,-4,-5,-5,-5,5,3,-4,0,-1,-4,-4,-3,-4,-3,3
M,-3,-4,-5,-6,-3,-4,-5,-5,-5,-1,5,-4,4,1,-5,-4,-3,-4,-3,0
R,-3,0,-4,-4,2,-3,-4,-4,-3,2,4,-3,1,1,-4,-3,-2,-2,2,1
V,1,-1,0,-1,1,1,-1,-1,-1,-1,0,-1,0,0,-1,1,1,-1,1,0
I,0,0,0,1,-1,1,1,-1,1,0,0,0,-1,-1,-1,1,0,-1,-1,0
G,0,0,2,0,-2,0,0,1,1,-1,-1,0,-1,-1,1,0,-1,-1,0,-1
E,0,-1,1,0,0,1,2,0,-1,-1,-1,0,0,-1,0,0,0,-1,-1,-1
D,-2,-1,1,6,-3,0,2,0,-2,-2,-3,0,-3,-3,-2,-1,0,-3,-3,-2
G,0,0,0,0,-2,0,1,3,1,-2,-2,1,-2,-2,1,0,0,-2,-2,-2
Q,0,0,2,1,-3,2,1,-2,2,-2,-3,1,-2,-1,0,1,-1,-3,-1,-2
S,0,-2,0,-1,0,0,0,3,-1,-2,-1,0,2,-3,1,1,0,-3,-2,-2
V,-1,0,3,-1,0,0,0,-2,4,1,0,0,-1,-2,-2,0,-1,-3,0,0
Y,-1,-4,-5,-5,-1,-4,-4,-5,1,5,2,-4,-1,-2,-4,-4,-2,-4,1,3
K,-3,1,-3,-3,-5,1,-2,-4,-3,-5,-5,7,0,-5,-4,-3,-3,-5,-4,-3
L,-3,-5,-6,-6,-3,-5,-5,-6,-5,5,4,-5,0,-2,-5,-5,-3,-4,-3,1
T,3,-3,-3,-3,4,-3,-3,1,-4,2,-3,-3,-2,-4,-3,0,3,-4,-4,-1
D,-5,-5,-2,8,-7,-3,-1,-4,-4,-6,-7,-4,-6,-7,-5,-3,-4,-8,-6,-6
F,-5,-6,-6,-7,-6,-6,-6,-6,-4,-3,-1,-6,-3,9,-7,-6,-5,-2,0,-4
G,-3,-5,-3,-4,-6,-5,-5,7,-5,-7,-7,-4,-6,-6,-5,-3,-5,-6,-6,-6
A,-1,-4,-4,-5,-3,-4,-4,-4,-1,0,3,-4,1,5,-4,-2,-1,3,1,1
A,5,-4,-3,-4,4,-3,-3,-2,-4,-4,-4,-3,-4,-5,-3,4,-2,-5,-4,-3
R,0,4,2,-2,0,0,-2,-1,0,-1,-3,4,-1,-4,-3,-1,0,-4,-3,-1
E,-2,2,0,-1,-4,2,3,-3,3,1,-1,1,1,-1,-3,-2,-2,-3,0,-1
L,-2,-3,-3,-4,-3,-2,-3,-4,-3,2,3,-2,2,2,-1,-2,-2,-3,1,2
E,0,1,1,2,-2,1,2,0,1,-2,-3,2,-2,-3,-1,1,1,-4,-3,-1
D,-1,0,0,2,-3,1,1,1,1,-3,-3,0,-2,-2,3,1,0,-3,-2,-2
D,-1,-1,2,2,-3,-1,0,3,0,-2,-3,0,-3,-3,0,0,0,1,-3,-3
E,0,0,1,1,-2,1,2,2,-2,-3,-2,0,0,-3,-1,1,0,-1,-3,-2
Q,-1,2,-1,-1,-3,1,0,-2,-2,-1,0,2,2,0,2,-1,0,-3,-2,0
F,0,2,-3,-4,3,-2,-3,-4,-1,-1,3,-1,3,2,-4,-2,0,-2,2,-1
V,-1,1,1,1,-3,0,-1,-2,1,-3,-3,2,-1,-1,-3,0,1,4,2,-1
S,-2,-3,0,0,-3,-3,-1,-1,-4,-3,-4,-2,-3,-4,-3,2,6,-5,-4,0
L,-1,-2,-1,-4,-1,-2,-3,-4,-3,0,1,-3,1,5,-1,-1,-1,1,2,1
Y,-2,-3,-5,-6,9,-5,-5,-5,-5,0,-3,-4,-3,1,-5,-3,-1,-4,1,3
G,-1,-5,-3,-4,-5,-4,-5,7,-5,-6,-6,-4,-5,-3,-5,-2,-4,-5,-2,-6
T,-3,-4,-3,-4,-4,-3,-4,-4,-4,-4,-4,-3,-4,-5,-4,2,7,-5,-5,-3
E,-2,0,-5,-4,-5,-3,0,-5,-5,-2,1,-3,-4,-5,7,-3,-4,-6,-5,-2
E,0,-2,1,1,-1,1,3,0,1,-2,-2,-2,-1,-1,1,-1,0,4,2,-3
Y,-5,-5,-5,-6,-6,-5,-5,-6,-2,-4,-4,-5,-4,3,-6,-5,-5,6,9,-4
L,1,0,-4,-5,-1,-3,-4,-4,-4,1,3,-3,6,-2,-4,-2,-2,-4,-3,2
H,6,-4,-3,-4,-1,-3,-3,-2,2,-4,-4,-3,-4,-5,0,2,-2,-5,-4,-3
P,-4,-6,-5,-5,-6,-5,-4,-6,-6,-6,-6,-4,-6,-7,9,-4,-4,-7,-6,-6
D,-4,-3,-3,1,-7,-1,7,-5,-3,-6,-6,-2,-5,-6,-4,-3,-4,-6,-5,-6
M,-3,-4,-5,-5,-3,-2,-4,-5,-5,4,2,-4,4,-2,-4,-4,-2,-4,-3,5
Y,-2,-4,-5,-5,-3,-4,-4,-5,-4,4,3,-4,1,1,-4,-4,-2,0,1,2
E,0,0,2,0,-3,1,3,-2,-1,-2,0,1,1,-2,-2,0,-1,-3,-2,-1
R,-1,3,0,-1,1,0,0,2,-1,-2,-1,1,-1,-1,-1,-1,-1,-1,1,-1
A,0,1,0,1,0,0,1,0,-1,-1,-1,1,0,-1,0,1,0,-1,-1,-1
V,0,0,0,0,-1,0,0,-1,-1,0,0,0,1,0,1,0,0,-1,-1,0
L,0,0,0,-1,1,0,0,-1,0,0,1,0,0,0,0,0,0,0,2,0
R,0,1,0,1,-1,0,0,0,0,-1,0,0,0,-1,0,0,0,-1,0,0
K,0,0,0,1,-1,1,1,0,0,-1,-1,1,0,-1,0,0,0,0,0,-1
D,0,0,0,1,-1,0,0,0,0,0,0,0,0,-1,1,0,0,0,0,0
H,0,1,0,0,0,0,0,1,1,-1,-1,0,-1,-1,1,0,0,-1,0,-1
Q,-1,0,1,2,-2,3,1,0,1,-2,-2,0,-1,-2,0,1,0,-2,-1,-2
K,0,2,0,-1,-2,2,1,-1,0,-1,-2,3,-1,-2,0,0,1,-2,-2,-2
K,0,-1,-1,0,-2,0,-1,3,0,-3,-3,1,-2,-1,3,0,0,-2,0,-2
Y,-3,-3,-3,-4,-4,-3,-3,-4,4,-2,-3,-3,-3,1,-4,-2,-3,-1,8,-3
G,-2,-3,3,3,-4,-3,-2,5,-3,-5,-5,-3,-4,-5,-3,1,0,-5,-4,-4
A,0,2,-1,-2,-1,0,1,-2,-1,-2,-1,2,-2,0,3,0,-1,-3,1,-1
T,2,0,-2,-2,-3,0,2,-2,-2,-3,-3,3,-3,-4,2,1,1,-4,-2,-2
V,2,-4,-4,-4,3,-4,-4,-4,-4,1,0,-4,-1,-3,-4,0,0,-5,-3,5
D,-5,-5,-2,8,-7,-3,-1,-4,-4,-6,-7,-4,-6,-7,-5,-3,-4,-7,-6,-6
L,-3,-4,-5,-5,1,-4,-5,-5,-4,4,2,-4,5,-2,-5,-3,-3,6,0,2
W,-6,-7,-8,-8,-6,-6,-7,-6,-6,-6,-5,-7,-5,-3,-8,-7,-6,13,-1,-7
S,3,-3,-2,-3,2,-3,-3,-1,-3,-4,-5,-3,-4,-5,-3,6,-1,-5,-4,-4
I,-1,-4,-4,-5,3,-3,-4,-4,-4,3,3,-4,3,1,-4,-3,-1,-3,-1,2
G,-2,-5,-3,-4,-5,-5,-5,7,-5,-7,-6,-4,-5,-6,-5,-3,-4,-5,-6,-6
V,-1,-5,-5,-5,5,-4,-5,-5,-5,3,-1,-4,-2,-3,-4,-2,0,-5,-4,5
T,-3,-4,-3,-4,-3,-4,-4,-5,-4,5,2,-4,1,-1,-4,-3,3,-4,-3,2
F,1,-3,-4,-4,2,-3,-4,-4,-4,1,3,-3,4,1,-4,-2,1,-3,-2,0
Y,-1,-4,-5,-6,-5,-4,-5,-4,-1,2,-3,-5,-3,3,-5,-4,-3,-1,8,-2
H,-1,-2,-2,-1,-1,0,5,-4,2,2,-2,-2,1,-2,-3,-2,1,-4,-3,0
A,0,-4,-5,-5,3,-3,-4,-5,-4,-1,4,-4,6,0,-4,-2,-3,-4,-3,-1
A,2,-4,-4,-4,1,-3,-4,-4,-4,1,4,-3,2,-2,-4,-2,-2,-3,0,1
T,1,-2,-2,-2,5,-1,0,-3,-1,-1,-2,-2,-1,-1,-3,2,3,-4,-1,1
G,-2,-4,-3,-4,-5,-4,-2,7,-4,-2,-3,-4,-4,-5,-4,-3,-4,-5,-5,-5
S,1,0,0,-1,-1,1,0,-2,0,-2,-1,1,0,2,-2,1,1,-2,2,-2
L,-1,-1,-3,-3,0,-3,-3,-3,-1,-2,2,-2,0,-1,6,0,0,-4,-3,-1
P,-3,-4,-4,-4,-5,-4,-4,-4,-4,-5,-4,-3,-5,-5,8,-2,-3,-5,-5,-5
F,-5,-5,-5,-6,-5,-5,-5,-5,1,-3,0,-5,-2,8,-6,-5,-4,3,2,-3
R,-1,2,0,1,0,2,1,-2,2,-1,0,-1,-1,0,-1,-1,0,3,2,-2
P,0,-1,-1,2,0,-1,2,-1,-1,-2,-2,0,-2,-2,4,0,-1,-2,-2,-2
F,-1,-1,1,1,-2,0,1,0,1,-1,0,-1,0,2,-1,-1,-1,-1,1,-1
E,-1,-1,1,1,-2,0,2,1,2,-2,-1,-1,-1,0,0,0,0,3,0,-2
G,0,0,0,2,-2,1,0,0,0,-2,-2,-1,-1,-2,3,1,0,-2,-2,-1
P,1,-1,-1,-1,-1,-1,-1,1,2,-1,-2,0,1,-2,4,1,-1,-3,0,-1
R,-1,3,1,2,-3,2,1,-1,0,-2,-2,1,0,-3,-2,0,0,-3,-2,-2
R,0,2,1,2,-2,0,0,-1,-2,-2,0,0,0,-2,-2,1,1,-3,-2,-2
N,-1,-1,1,1,-1,2,0,-2,0,0,0,-1,-1,2,1,-1,-1,1,2,-1
K,-1,0,0,-1,-2,1,1,-2,-2,1,0,2,1,0,-2,0,0,-2,-2,0
E,-1,-1,1,2,-3,2,3,-2,-1,-2,-2,2,0,0,-2,0,-2,-3,-1,-1
V,-2,-3,-1,-3,-2,-2,-1,-2,-3,4,2,-2,1,-1,-3,-2,1,0,-2,2
M,0,-1,-3,-1,-1,-1,-2,-4,-2,2,2,-1,4,1,-3,-2,-2,0,1,-1
Y,0,1,0,1,-3,0,2,-2,1,-2,0,0,0,1,-1,-1,-1,2,2,-2
K,-1,3,0,-2,-1,2,-1,0,1,-3,-1,4,1,-1,-3,-1,-2,-4,-2,-3
I,-1,-3,-1,-3,0,-3,-2,-3,-2,5,-1,0,1,0,-1,-1,0,-4,-2,2
I,0,0,-2,-2,2,-1,0,0,2,0,0,0,1,1,1,0,0,-2,1,0
T,0,1,0,0,-3,0,0,-1,-2,0,-1,1,0,-2,1,1,1,-3,0,0
G,0,1,1,-2,-3,-2,0,3,-2,-3,-1,0,-2,1,3,0,-1,-3,-2,-1
K,-2,1,0,1,0,2,1,-3,-2,-1,0,3,2,0,0,-1,-1,-3,-2,-1
P,-1,-3,-1,-1,-4,-3,-3,0,-3,-1,-2,0,-3,1,6,0,-1,3,0,-3
S,-1,1,0,-1,-3,-2,-2,-1,0,-3,-2,0,-3,-1,4,2,1,4,-1,-3
G,-1,0,-1,0,-2,-1,1,1,0,-2,-1,0,-1,2,1,1,1,-2,1,-1
A,0,-1,-2,0,0,0,-1,-2,1,1,1,-1,-1,-1,0,0,-1,4,0,0
I,-2,-1,-2,2,-3,0,0,-3,-2,2,0,-2,0,0,3,0,-1,3,-2,0
S,0,0,-1,2,-2,0,1,-1,0,-1,-2,0,-2,0,1,1,1,-2,1,-2
G,0,-1,0,0,-2,0,0,1,3,0,1,-1,1,-2,-1,-1,0,-3,-2,0
V,1,-1,-2,-3,3,1,-2,-2,-2,1,0,-2,-1,1,-2,0,0,3,3,1
Q,0,0,0,0,-3,3,1,-1,2,-3,-3,0,-2,-3,1,3,1,-3,-2,-3
K,-1,2,0,2,-3,0,2,0,-1,0,-1,2,-2,-3,-2,1,-1,-3,-1,-2
A,1,0,-1,1,1,-1,0,-2,-2,0,1,0,1,0,1,0,-1,-2,-1,0
E,0,0,-2,-1,-2,0,1,-1,-2,0,1,1,-1,-2,-2,1,-1,2,-2,-1
N,0,1,3,2,-3,0,0,0,0,-3,-2,1,-1,-1,-2,1,-1,-3,-2,-2
G,-1,-1,0,1,-3,-1,0,3,1,0,-1,0,1,-1,1,-1,-2,-3,-2,-2
P,1,0,1,-2,-2,-1,0,0,-2,0,1,-1,0,-1,4,-1,0,1,-2,-1
I,-1,0,-2,-1,-2,-1,-2,-3,1,2,1,0,2,1,-2,0,0,0,-1,2
D,-2,4,0,2,-4,-1,2,-3,-2,-3,-3,2,0,1,2,-2,-1,-3,-2,-3
W,1,-1,-1,-3,-3,-2,-3,-3,1,-1,-1,-3,-2,4,-3,-2,-2,8,1,-2
S,0,-2,-2,-2,-2,-1,-1,1,-2,0,0,-1,2,0,3,2,-1,-3,-2,1
G,0,0,-1,-2,-2,1,0,0,-1,0,-1,1,-1,-1,0,2,-1,-2,2,1
D,-1,-1,2,0,2,-1,0,-1,3,0,-1,0,-1,-1,-2,1,1,-2,-1,0
M,-2,-1,0,-1,-2,-2,-3,-3,-3,2,3,-2,4,1,-3,-2,-2,-3,-2,2
P,-1,1,1,-2,-4,-1,-1,-3,-3,-1,0,0,-3,-4,6,-1,-2,-4,-3,-3
V,0,-1,-2,0,-2,1,0,-1,2,1,0,0,-1,0,-2,-1,-1,2,2,1
S,-2,2,0,-1,-3,-1,0,-3,-2,-3,-2,1,-2,-1,5,1,1,0,0,-1
C,-2,-2,2,1,6,1,1,-3,1,-3,-1,-2,-2,-1,1,0,1,-3,-2,-2
S,0,0,1,0,-2,2,0,-2,1,-2,0,0,1,0,1,1,0,-3,-1,-2
L,-2,-1,-3,-3,-3,-2,-3,-4,-3,1,4,0,3,0,1,-1,-2,-3,-2,0
S,1,0,2,-1,2,1,2,-2,-2,-3,-3,1,-2,-3,-2,3,0,-3,-3,-3
R,-1,3,1,0,-2,0,1,-2,-1,0,0,0,-1,-2,-1,1,0,-3,-2,0
G,1,-1,0,1,-2,0,0,2,-2,0,0,0,-1,-1,-2,0,-1,-2,-2,0
L,1,-2,-2,-3,1,-2,-2,-2,0,1,2,0,1,-1,-2,-1,0,2,-1,1
Q,0,2,2,0,-3,4,2,-2,-1,-1,-3,1,-2,-3,-2,-1,-1,-3,-2,-1
V,0,-1,-1,2,2,-1,2,-1,1,-1,-2,0,-2,-3,2,1,0,-3,-2,-1
L,-1,2,-2,-2,-2,1,-1,-3,-2,0,2,-1,2,-1,2,-1,-1,-2,-2,1
L,-1,0,-2,-3,-2,0,-2,-3,-2,1,3,0,1,1,-2,-2,0,-2,1,0
T,0,1,-1,1,-2,1,2,-2,3,-1,-1,1,-1,-2,-1,0,0,-2,-1,0
P,-1,-1,2,1,-3,-1,-1,-1,2,-3,-3,2,-2,-3,5,-1,-1,-3,-2,-2
V,-2,-2,-3,-3,-2,-2,-3,-3,-3,2,1,-1,-1,2,0,-1,0,8,0,0
L,0,-2,-1,-3,-2,-2,-3,-3,-3,2,4,-2,2,-1,-3,-1,-1,-2,-2,1
A,1,2,1,-2,-3,4,0,-2,2,-1,-2,1,0,-3,-2,0,-1,-3,-2,-2
N,0,1,3,0,-2,1,1,-1,1,-1,0,0,-1,-2,-2,0,0,-3,-2,-1
I,-2,-3,-3,1,2,-2,-3,-1,-3,2,3,-3,5,-1,-3,-2,-2,-2,1,0
L,-1,-3,-4,-4,-3,0,-3,-4,-3,0,5,-3,0,-1,-4,-3,-1,-3,1,-1
E,-2,-1,1,-1,-4,4,4,-3,0,-3,-3,2,0,-4,-2,-1,1,-4,-3,0
A,0,2,0,-2,-3,-1,-2,0,-2,0,0,2,0,-2,0,-1,-1,6,-1,0
D,0,-3,0,6,-4,-1,2,0,-2,-4,-4,-2,1,-4,-3,-1,-2,-5,-4,-4
Q,-2,-1,-2,-2,-4,2,3,-3,-2,-4,-3,0,-3,-4,6,0,0,-4,-4,-3
E,2,0,1,1,-2,2,1,-2,0,-2,-1,1,-1,-3,-2,1,0,-3,-2,-1
K,-2,3,-1,1,-4,2,0,-3,-2,-4,-3,5,1,-4,1,-2,-2,-4,-3,-3
C,-2,6,-2,-3,5,-1,0,-4,-2,-4,-3,2,-3,-4,1,-2,0,-4,-3,-3
W,-2,0,-3,-4,-3,-2,-3,-1,-1,1,1,-2,-1,2,1,-3,-2,6,5,-1
G,-1,-2,0,-2,-2,-2,-2,4,-2,-2,0,0,-2,-3,-2,2,2,-3,-3,-2
F,0,-2,-2,-2,1,-2,-2,-2,-2,1,-1,0,0,3,3,-1,0,3,0,-1
D,-1,-1,1,3,-3,3,3,-2,-1,-3,-3,1,-2,-3,2,0,-1,-3,-2,-3
Q,-1,2,0,3,-3,4,2,1,-1,-3,-3,1,-2,-3,-2,-1,-1,-3,-2,-3
F,0,-3,-2,1,5,-2,-2,-1,-2,0,1,-2,0,3,-2,-1,-1,-2,0,0
F,-2,-3,-3,-4,-2,-3,-3,-3,-2,0,3,-3,0,6,0,-3,-2,-1,1,-1
A,3,-1,-1,-2,-1,-1,-1,2,-2,-1,-2,1,0,-2,-1,1,1,-3,-2,0
E,0,1,0,3,-3,0,3,-2,-1,-2,-1,0,-2,-3,-1,1,-1,-3,-2,-2
T,0,-2,-1,-2,-2,-1,0,-2,-2,0,1,-1,2,-2,-2,1,3,-3,-2,0
S,0,-1,2,3,-3,0,1,-1,-1,-3,-3,1,-2,-3,2,2,0,-4,-3,-3
D,-2,1,0,6,-4,0,3,-2,2,-4,-4,-1,-3,-4,-2,-1,-2,-4,-3,-4
I,-2,-3,-4,-4,-2,-3,-4,-4,-4,5,2,-3,1,-1,-3,-3,-1,-3,-2,2
L,0,-2,-3,-2,-2,1,0,-3,-2,1,3,-2,1,-1,-3,-2,-1,-2,-2,0
H,-2,1,4,0,-3,3,0,-2,5,-4,-3,0,-2,-3,-2,0,-1,-3,-1,-3
R,-2,4,-1,-2,-3,0,-1,-3,4,-1,1,2,0,-2,-3,-1,-2,-3,-1,-2
M,-1,0,-1,-2,-3,0,-1,-1,-2,-1,-1,3,2,-2,4,-1,-1,-3,-2,1
V,-1,-3,-4,-4,-2,-3,-3,-4,-3,3,2,-3,1,2,-3,-2,-1,6,0,3
I,-1,-3,-3,-3,-1,-2,-3,-3,-3,2,1,-2,1,2,-3,-2,1,-2,0,3
H,-2,2,0,-1,-3,2,0,-2,7,-4,-3,0,-2,-2,2,-1,-2,-3,0,-3
V,-1,-2,-2,-3,-2,-2,-2,1,2,2,0,-2,0,-1,2,-2,-1,-3,-1,2
F,-2,-3,-3,-4,-2,-3,-3,-4,-2,1,2,-3,2,5,-3,-2,-2,-1,1,1
S,-1,-1,5,2,-2,0,0,-1,0,-3,-4,-1,-2,-3,-2,2,0,-4,-2,-3
L,-1,-2,-2,-3,-2,-1,-2,-2,-2,0,2,-2,3,0,3,-2,-1,6,0,0
Q,0,-1,0,2,-1,2,0,-1,-1,-1,-1,0,-1,-2,-1,2,0,-2,-2,1
Q,-1,0,0,2,-2,3,1,-2,-1,-2,-2,0,-1,-3,3,0,2,-2,-2,-2
M,2,-2,-2,-3,-1,-1,-2,2,-2,0,1,-2,3,-1,-2,0,-1,-2,-2,0
T,0,-2,-1,-2,-1,-1,-2,-2,-2,0,1,-1,0,-2,-2,0,4,-3,-2,2
A,2,-1,-2,-2,-1,-1,-1,-1,-2,1,1,1,0,-1,-2,1,0,-3,-2,0
H,0,-1,-1,-2,-3,-1,-1,-2,7,-3,-2,-2,-2,0,-3,-1,-2,6,4,-3
K,-1,2,2,-1,-3,0,0,-2,4,-3,-3,3,-2,-3,-2,0,1,-3,-1,-2
I,-1,-3,-3,-4,-2,-3,-3,-4,-2,4,1,-3,1,1,-3,-2,-1,-1,3,3
Y,-1,-3,-3,-3,4,-2,-2,-3,-1,0,-1,-2,-1,0,5,-2,-1,0,4,-1
I,-1,-2,-3,-3,-1,-2,-3,-3,-3,3,2,-2,1,0,-3,0,0,-3,-1,2
H,-1,-1,-1,-2,-2,2,0,-2,5,-1,-1,-1,-1,2,-2,-1,1,-2,1,0
S,2,-1,0,0,-1,0,2,-1,-1,-2,0,0,-1,-2,-1,3,0,-3,-2,-1
Y,-2,-1,-1,2,-3,0,2,-3,4,-2,0,-1,-1,1,-2,-1,-2,0,4,-2
N,-1,0,4,1,-3,1,3,-2,0,-3,-3,2,-2,-4,2,0,-1,-4,-2,-3
T,0,-1,2,2,-2,-1,0,-1,-1,-2,-3,-1,-2,-3,3,2,3,-3,-2,-2
A,0,-2,-2,1,-1,-2,-2,-2,-3,2,2,-2,1,-1,-2,-1,-1,-3,-2,2
T,2,-1,0,0,-2,2,2,-1,-1,-2,-2,0,-1,-3,-1,2,2,-3,-2,-1
I,0,-1,-1,-1,-2,2,0,-2,-1,2,0,-1,0,-2,-2,2,0,-3,-2,1
F,-2,-3,-4,-4,-2,-3,-3,-4,-2,0,2,-3,1,6,-4,-3,-2,0,2,0
H,-1,0,0,3,-3,3,1,-2,5,-3,-3,2,-2,-3,-2,-1,-1,-3,0,-3
E,2,-1,0,0,-2,1,3,-1,-1,-2,-2,0,-2,-3,-1,2,2,-3,-2,-1
L,1,5,-1,-2,-2,0,-1,-2,-1,-1,0,1,-1,-2,-2,-1,-1,-3,-2,-1
V,-1,-3,-3,-4,-1,-3,-3,-4,-3,3,1,-3,1,3,-3,-2,-1,-2,0,3
Y,-1,0,0,-1,-3,3,2,-2,4,-2,-2,0,-1,-1,-2,0,2,-1,3,-2
K,-1,4,0,-1,-3,3,1,-2,0,-3,-3,4,-1,-3,-2,-1,-1,-3,-2,-3
Q,-1,0,0,3,-4,5,3,-2,0,-3,-3,1,-1,-4,-2,0,-1,-3,-2,-3
T,0,-1,0,-1,-1,-1,-1,-2,-2,-1,-2,-1,-1,-3,-1,1,5,-3,-2,0
K,0,-1,-1,-1,-2,-1,-1,3,-2,-3,-3,1,-2,-3,4,1,-1,-3,-3,-3
I,-1,-3,-3,-3,-1,-3,-3,-4,-4,4,1,-3,1,-1,-3,-2,-1,-3,-2,4
I,1,-2,2,3,-2,-1,0,-1,-2,0,-1,-1,-1,-2,4,0,-1,-4,-2,-1
S,0,-1,0,0,-2,0,2,-1,-1,-3,-3,0,-2,-3,4,3,2,-3,-2,-2
S,0,2,-1,0,-3,0,2,1,-1,-3,-3,0,-2,-3,4,1,-1,-3,-2,-3
N,-1,-1,3,4,-3,0,1,-1,4,-3,-4,-1,-3,-3,-2,1,-1,-4,-1,-3
Q,-1,0,0,3,-3,6,2,-2,0,-3,-3,1,-1,-4,-2,0,-1,-3,-2,-3
E,-1,-1,0,1,-3,1,5,-2,-1,-3,-3,0,-2,-3,-1,0,2,-3,-2,-2
L,1,-2,-3,-3,-1,-2,-2,-2,-1,0,3,-2,1,1,-3,-1,-1,-1,3,0
I,-2,-3,-4,-4,-2,-3,-3,-4,-3,2,4,-3,2,0,-3,-3,-1,-2,-1,1
Y,0,-1,-1,-1,-2,2,0,-2,0,-2,-1,-1,-1,3,-2,2,0,0,3,-2
E,-1,0,-1,1,-4,2,6,-3,0,-4,-3,1,-2,-4,-1,0,-1,-3,-2,-3
G,2,-1,0,-1,-1,-1,-1,4,-1,-2,-2,-1,-2,-2,-1,2,0,-2,-2,-2
R,-1,3,0,-1,-2,0,0,-1,5,-2,-2,0,-1,-1,-1,0,1,-2,0,-1
R,-1,2,-1,-2,-2,-1,-2,4,-2,-1,1,0,0,-2,-3,-1,-2,-2,-2,-1
L,-1,-3,-3,-4,6,-3,-3,-4,-3,2,3,-3,1,0,-3,-2,-1,-2,-2,1
V,2,-2,-2,-2,-1,-1,-2,-1,-2,1,0,-1,0,-2,-2,1,0,-3,-2,3
L,-2,-2,-4,-4,-1,-2,-3,-4,-3,1,4,-3,2,0,-3,-3,-1,-2,-1,1
E,-1,-1,-1,3,-3,1,4,-3,-1,1,-1,0,-1,-2,-2,-1,-1,-3,-2,0
P,-1,-2,-2,-2,-3,-2,-1,-2,-2,-3,-3,-1,-3,-4,8,-1,-1,-4,-3,-3
G,0,2,0,3,-2,0,0,2,-1,-3,-3,0,-2,-3,-2,2,0,-3,-3,-3
R,-1,3,-1,-2,-3,1,0,-2,-1,0,-1,3,-1,-2,-2,-1,-1,-3,-2,1
L,0,-2,-1,-2,-2,-1,-1,-2,-2,-1,1,-1,-1,-2,6,1,0,-3,-2,-1
A,4,-2,-2,-2,-1,-1,-1,0,-2,-2,-2,-1,-1,-2,-1,1,0,-3,-2,0
Q,0,0,0,-1,-2,4,1,-2,0,-2,-2,0,-1,-3,-1,2,2,-2,-2,-1
H,-1,0,0,-1,-3,4,1,-2,7,-3,-3,0,-1,-2,-2,-1,-1,-2,0,-3
F,-1,-3,-3,-4,7,-3,-4,-3,-3,2,0,-3,0,3,-3,-2,-1,-1,0,0
P,2,-2,-3,-2,-1,-2,-2,-2,-3,2,0,-2,0,-2,4,-1,-1,-3,-2,2
K,0,0,0,-1,-2,0,0,-2,5,-1,0,2,-1,-2,-2,2,0,-3,0,-2
T,-1,-2,1,4,-2,-1,0,-2,-2,-2,-2,-1,-2,-3,-1,1,3,-3,-2,-1
T,0,-2,0,-1,-2,-1,-2,4,-2,-2,-2,-1,-2,-3,-2,1,3,-3,-2,-1
E,2,1,-1,0,-2,1,3,-1,-1,-2,-2,3,-1,-3,-1,0,-1,-3,-2,-2
E,0,-1,-1,0,-2,0,2,-2,-1,0,1,-1,0,-1,-2,2,0,-3,-2,0
N,0,-1,5,1,-2,0,0,0,0,-3,-3,0,-2,-3,-2,3,1,-4,-2,-2
P,-1,-2,-2,0,-3,0,2,-2,-2,-3,-3,0,-3,-4,7,-1,-1,-4,-3,-3
I,-1,-3,-2,-3,-2,-2,-3,3,-3,2,2,-2,1,-1,-3,-2,-1,-2,-2,1
F,-1,-2,-1,-2,-2,-1,-1,-2,4,-1,-1,-2,-1,4,-2,0,2,-1,2,-1
V,-1,-2,-2,-3,-1,-2,-2,-3,-3,2,2,-2,1,-1,-2,-1,2,-2,-1,3
V,-1,-3,-3,-4,-2,-3,-3,-3,-2,1,2,-3,1,4,-3,-2,-1,0,1,2
S,0,-1,1,3,-1,0,0,-1,-1,-2,-3,0,-2,-3,-1,3,2,-3,-2,-2
R,-1,3,-1,-2,-2,0,-1,-2,-1,0,1,0,3,-1,-2,0,2,-2,-2,0
E,2,-1,0,3,-2,0,3,-1,-1,-2,-2,0,-2,-3,-1,0,-1,-3,-2,-1
P,-1,-3,-3,-3,-2,-2,-2,-3,-3,3,2,-2,1,-1,4,-2,-1,-3,-2,2
L,-1,-2,-3,-3,-2,-2,-2,-3,-3,1,1,-2,0,-1,6,-2,-1,-3,-2,1
N,-1,0,2,4,-3,0,1,-1,-1,-3,-3,2,-2,-3,2,0,-1,-4,-3,-3
T,0,-2,3,0,-2,-1,-1,4,-1,-3,-3,-1,-2,-3,-2,0,2,-3,-3,-2
I,0,-2,-1,-2,-1,-2,-2,-2,-2,2,2,-2,1,-1,-2,2,0,-2,-1,1
G,2,0,-1,-1,-2,0,-1,3,-2,-3,-3,2,-2,-3,-1,0,-1,-3,-2,-2
L,-2,-3,-3,-4,-2,-3,-3,-4,-2,3,2,-3,1,4,-3,-3,-1,-1,1,1
I,-1,3,-1,-2,-2,0,-1,-3,-2,2,0,0,0,-2,-2,0,2,-3,-2,1
Y,-2,-2,-1,3,-3,-1,0,-3,1,-2,-2,-2,-2,2,-3,-1,-2,1,6,-2
E,-1,-1,-1,1,-4,1,4,-2,-1,-3,-3,0,-2,-4,5,0,-1,-3,-3,-3
K,2,0,-1,-1,-1,0,0,-1,-1,-2,-2,2,-1,-3,-1,1,3,-3,-2,-1
I,-1,-1,-2,-2,-2,3,0,-3,-1,2,2,-1,1,-1,-2,-2,-1,-2,-1,1
S,-1,-2,0,3,-2,-1,0,-2,-2,2,-1,-1,-1,-2,-2,2,0,-3,-2,0
L,0,-2,-1,-2,-1,-1,-2,-2,-2,1,2,-2,1,-1,-2,2,0,-3,-1,2
P,-1,-2,-2,-2,-3,-1,-1,-2,-2,-3,-3,-1,-3,-4,8,-1,-1,-4,-3,-3
K,-1,4,0,-1,-3,1,0,-2,-1,-3,-3,4,-2,-3,-1,0,-1,-3,-2,-3
V,-1,-3,-3,-3,-2,-2,-2,-3,-2,1,0,-2,0,4,5,-2,-1,-1,1,1
H,-1,0,-1,-1,-2,3,0,-2,5,0,-1,0,0,-2,-2,-1,-1,-3,0,2
P,-1,-2,-2,-2,-3,-1,-1,-2,-2,-3,-3,-1,-3,-4,8,-1,-1,-4,-3,-3
R,-1,3,0,0,-4,1,3,-2,0,-3,-3,3,-2,-3,-1,0,-1,-3,-2,-3
Y,-1,-3,-3,-3,-1,-2,-3,-4,-1,3,1,-2,0,1,-3,-2,-1,0,4,3
D,-2,-2,0,5,-3,-1,1,-2,-2,-1,1,-1,0,-2,-2,-1,-1,-3,-2,-1
L,-1,-1,-2,-2,-2,3,0,-3,-1,1,3,-1,1,0,-2,-2,-1,-2,-1,0
D,-1,0,0,4,-4,4,3,-2,0,-3,-3,1,-2,-4,-1,0,-1,-3,-2,-3
G,2,-2,-1,-2,-2,-1,-1,3,-2,-3,-3,-1,-2,-3,5,0,-1,-3,-3,-2
D,-2,0,1,5,-4,0,1,-2,-1,-3,-3,2,-3,-4,-1,0,-1,-4,-3,-3
A,1,3,-1,-2,-2,0,-1,-2,0,-2,-2,0,-1,1,-2,0,-1,0,4,-1
S,-1,-1,5,1,-2,0,0,0,0,-3,-3,0,-2,-3,-2,2,0,-4,-2,-3
M,-1,-2,-2,-2,-1,-1,-2,-3,-2,1,2,-2,3,0,-2,0,2,-2,-1,0
A,4,-2,-2,-2,-1,-1,-1,0,-2,-1,-2,-1,-1,-2,-1,1,0,-3,-2,0
K,-1,4,0,-1,-3,1,0,-2,-1,-3,-3,4,-2,-3,-1,0,-1,-3,-2,-3
A,2,0,-1,-1,-2,0,-1,3,-2,-3,-3,2,-2,-3,-1,0,-1,-3,-2,-2
I,-1,-3,-3,-3,-1,-3,-3,-4,-3,3,1,-3,1,-1,-3,-2,0,-3,-1,4
T,-1,-2,-2,-3,-2,-2,-2,-3,-2,0,2,-2,0,0,-3,-1,2,8,0,0
G,0,-3,-1,-1,-3,-2,-2,6,-2,-4,-4,-2,-3,-3,-2,0,-2,-3,-3,-3
V,2,-1,-1,-2,-1,3,0,-1,-1,0,-1,0,0,-2,-2,0,0,-3,-2,2
V,0,-3,-2,-3,-1,-2,-3,3,-3,1,0,-2,0,-2,-2,-1,-1,-3,-2,3
C,-2,-3,-3,-4,6,-2,-3,-3,0,-2,-1,-3,-1,1,-3,-2,-2,8,5,-2
Y,-1,0,0,-1,-3,3,0,-2,5,-3,-2,0,-1,0,-2,-1,-1,0,4,-2
A,4,-1,-1,-1,-1,-1,-1,0,-1,-2,-2,-1,-1,-2,-1,3,0,-3,-2,-1
C,-1,-3,-3,-4,6,-3,-3,-4,-3,2,2,-3,1,0,-3,-2,-1,-2,-2,1
R,-1,5,0,-1,-3,4,1,-2,0,-3,-2,2,-1,-3,-2,-1,-1,-3,-2,-3
I,-1,-2,-2,-3,-1,-2,-2,-3,-3,2,2,-2,1,0,-2,-1,2,-2,-1,1
A,3,-2,-2,-2,-1,-1,-2,-1,-2,0,2,-1,0,-1,-1,0,0,-2,-2,0
S,0,4,0,-1,-2,1,0,-1,-1,-3,-3,3,-2,-3,-1,2,0,-3,-2,-2
T,2,-1,-1,0,-1,0,3,-1,-1,-2,-2,0,-1,-3,-1,1,2,-3,-2,-1
L,-2,-2,-4,-4,-1,-2,-3,-4,-3,2,4,-3,2,0,-3,-3,-1,-2,-1,1
L,-1,-1,-2,-2,-2,3,0,-3,-1,1,3,-1,1,0,-2,-2,-1,-2,-1,0
L,-1,-1,0,3,-3,3,1,-2,-1,-1,1,0,0,-2,-2,-1,-1,-3,-2,-1
Y,0,-2,-1,-2,-3,-2,-2,5,0,-3,-3,-2,-2,0,-3,-1,-2,0,4,-3
Q,-1,1,0,0,-3,6,2,-2,0,-3,-2,1,-1,-3,-1,0,-1,-2,-2,-2
E,-1,3,0,1,-4,2,4,-2,0,-3,-3,1,-2,-3,-2,0,-1,-3,-2,-3
L,2,-2,-3,-3,-1,-2,-2,-2,-3,1,3,-2,1,0,-2,-1,-1,-2,-1,0
M,2,-2,-2,-3,-1,-1,-2,-2,-2,0,1,-1,5,-1,-2,0,-1,-2,-1,0
R,-2,3,-2,-3,-2,-1,-2,-3,-1,0,1,0,3,4,-3,-2,-1,-1,1,-1
K,-1,4,-1,-2,-3,1,0,-2,-1,-1,0,3,3,-2,-2,-1,-1,-2,-2,-1
G,0,-2,3,0,-3,-1,-1,5,-1,-4,-4,-1,-3,-3,-2,0,-1,-3,-3,-3
I,-2,-3,-4,-4,-1,-2,-3,-4,-3,3,4,-3,2,0,-3,-3,-1,-2,-1,1
R,-2,3,-1,-2,-3,0,-1,-3,5,-1,1,0,0,-1,-3,-1,-1,-2,0,-1
W,-2,3,-2,-3,-3,-1,-2,-3,-2,-3,-2,0,-2,0,-3,-2,-2,10,1,-3
L,-1,-2,3,-1,-2,-1,-2,-2,-1,1,2,-2,1,-1,-3,-1,0,-3,-2,2
I,-1,-2,3,-1,-2,-1,-2,-2,-1,2,1,-1,4,-1,-3,-1,-1,-3,-2,1
E,0,0,0,1,-3,1,4,-2,0,-3,-3,0,-2,-3,-1,2,0,-3,-2,-2
L,-1,-3,-3,-4,6,-3,-3,-3,-3,1,2,-3,1,-1,-3,-2,-1,-2,-2,2
I,-2,-3,-4,-4,-1,-2,-3,-4,-3,3,4,-3,2,0,-3,-3,-1,-2,-1,1
K,0,1,0,0,-2,3,1,-1,0,-3,-3,3,-1,-3,-1,2,0,-3,-2,-2
D,-1,1,0,3,-2,0,1,-1,-1,-2,-2,3,-1,-2,-1,0,-1,-2,-1,-2
D,-1,-1,0,3,-1,0,0,-1,-1,0,0,-1,3,-1,-1,0,-1,-1,-1,0
Y,-1,1,-1,-1,-2,0,0,-1,0,-1,-1,2,-1,1,-1,0,-1,0,4,-1
N,-1,0,5,1,-2,0,0,0,0,-2,-2,0,-1,-2,-1,0,0,-2,-1,-2
E,2,-1,0,0,-1,0,3,-1,-1,-2,-2,0,-2,-3,-1,2,0,-3,-2,-1
T,0,-1,-1,-2,-1,-1,-1,-2,-2,0,0,-1,3,-1,-2,1,4,-2,-2,0
V,2,-3,-2,-3,6,-2,-2,-2,-3,0,-1,-2,-1,-2,-2,0,0,-3,-2,2
H,0,3,0,-1,-2,0,0,-2,5,-3,-3,1,-2,-2,-2,2,0,-3,0,-3
K,-1,4,-1,-2,-3,1,0,-2,-1,-1,0,3,3,-2,-2,-1,-1,-2,-2,-1
K,0,0,0,-1,-2,0,0,-1,-1,-2,-2,2,-1,-3,-1,2,3,-3,-2,-1
T,-1,-1,-1,-2,-2,3,0,-2,-1,0,2,0,1,-1,-2,0,2,-2,-1,0
E,-1,0,0,1,-4,4,5,-2,0,-3,-3,1,-2,-3,-1,0,-1,-3,-2,-3
V,-1,-3,-3,-4,-1,-2,-3,-4,-3,2,2,-3,1,0,-3,-2,0,-3,-1,3
V,2,0,-1,-2,-1,0,-1,-1,-2,0,-1,2,-1,-2,-1,0,0,-3,-2,2
I,2,3,-2,-2,-2,0,-1,-2,-2,1,0,0,0,-2,-2,0,-1,-3,-2,1
T,0,0,0,-1,-2,0,0,-2,-1,-1,-2,2,-1,-3,-1,1,4,-3,-2,-1
L,0,-2,-1,-2,-1,-1,-2,-2,-2,1,3,-2,1,0,-2,2,0,-2,-1,0
D,-2,-2,0,5,-3,-1,1,-2,-2,-1,1,-1,0,-2,-2,-1,-1,-3,-2,-1
F,-2,-3,-3,-4,-2,-3,-3,-4,-2,1,2,-3,1,5,-4,-3,-2,0,2,0
C,-2,-3,-3,-4,6,-3,-3,-3,0,-1,-1,-3,-1,4,-3,-2,-2,1,5,-1
I,-1,0,-2,-2,-2,-1,-1,-3,-2,2,2,2,1,-1,-2,-2,-1,-2,-2,1
R,0,3,0,-1,-2,0,0,-1,-1,-2,-2,1,-1,-3,-1,2,3,-3,-2,-1
N,0,-1,3,0,-1,0,0,0,0,-3,-3,0,-2,-3,-1,4,1,-3,-2,-2
I,0,-2,-1,-2,-1,-2,-2,-2,-2,3,1,-2,0,-1,-2,2,0,-3,-2,2
E,-1,0,-1,0,-3,3,3,-3,-1,-1,2,0,0,-1,-2,-1,-1,-2,-2,-1
K,-1,0,-1,-2,-2,-1,-1,3,-2,2,-1,2,-1,-2,-2,-1,-1,-3,-2,0
T,-1,-1,0,3,-2,-1,0,-2,-2,-1,-2,-1,-1,-3,-1,1,4,-3,-2,-1
V,0,-1,-2,-2,-1,-1,-1,-2,-2,1,2,-1,1,0,-1,-1,0,-1,-1,2
K,-1,1,0,0,-2,1,3,-1,0,-2,-2,3,-1,-2,0,0,0,-2,-1,-1
V,0,1,-1,-1,-1,0,0,-1,-1,1,0,2,0,-1,-1,0,0,-2,-1,2
Y,-1,-1,-1,-2,-2,-1,-1,-2,1,-1,-1,-1,-1,2,-1,-1,-1,2,6,-1
E,0,0,0,1,-3,1,4,-2,0,-3,-3,0,-2,-3,-1,2,0,-3,-2,-2
K,-1,4,0,0,-4,1,3,-2,0,-3,-3,3,-2,-3,-2,0,-1,-3,-2,-3
L,-2,-1,-2,-2,-2,3,0,-3,-1,0,2,-1,1,4,-3,-2,-1,-1,1,-1
M,0,-1,0,-1,-1,0,-1,-1,-1,0,0,-1,3,-1,-1,2,3,-2,-2,0
K,0,1,0,-1,-2,1,0,-1,-1,-3,-3,4,-2,-3,-1,2,0,-3,-2,-2
I,-1,-3,-3,-4,-1,-3,-3,-4,-3,3,3,-3,1,0,-3,-2,-1,-2,-1,3
N,-1,-1,3,-1,-2,-1,-1,-2,-1,0,2,-1,0,-1,-2,0,3,-3,-2,0
L,-1,-2,-3,-3,-2,-2,-2,-3,-3,1,3,-2,1,-1,5,-2,-1,-2,-2,0
E,2,-1,-1,1,-2,1,4,-1,-1,-3,-3,0,-2,-3,-1,0,-1,-3,-2,-2
A,1,-3,-3,-3,-1,-2,-2,-2,-3,2,0,-2,0,0,-2,-1,-1,8,0,1
A,2,3,-1,-1,-2,3,1,-1,0,-2,-2,1,-1,-3,-2,0,-1,-3,-2,-2
E,-1,0,0,1,-4,2,5,-2,0,-3,-3,1,-2,-3,-1,0,-1,-3,-2,-3
L,-1,-2,-3,-4,-1,-2,-3,-4,-3,1,4,-2,4,0,-3,-2,-1,-2,-1,1
G,-1,1,0,0,-3,1,3,3,-1,-3,-3,3,-2,-3,-1,0,-1,-3,-2,-3
E,2,0,-1,0,-2,3,3,-1,0,-2,-2,1,-1,-3,-1,0,-1,-3,-2,-2
I,3,-2,-2,-2,-1,-1,-2,-1,-2,2,0,-1,0,-2,-1,0,0,-3,-2,1
S,2,-2,-1,-2,-1,-1,-1,-1,-2,0,-1,-1,0,-2,-1,2,0,-3,-2,2
D,-1,-1,0,4,-4,1,5,-2,0,-3,-3,0,-2,-4,-1,0,-1,-3,-3,-3
I,-2,-3,-4,-4,-1,-2,-3,-4,-3,3,4,-3,2,0,-3,-3,-1,-2,-1,1
H,-1,3,0,0,-4,1,3,-2,5,-3,-3,1,-2,-3,-2,-1,-1,-3,0,-3
T,0,-1,4,0,-1,0,0,-1,-1,-2,-2,0,-2,-3,-1,3,3,-3,-2,-1
K,-1,4,0,0,-4,1,3,-2,0,-3,-3,3,-2,-3,-2,0,-1,-3,-2,-3
L,-1,-2,-3,-4,-1,-2,-3,-4,-3,2,3,-3,2,0,-3,-2,-1,-2,-1,2
L,-1,4,-1,-2,-3,0,0,-3,-1,-1,1,3,0,-2,-2,-1,-1,-3,-2,-1
R,-1,3,-1,-2,-2,0,-1,-3,-2,0,2,0,0,-1,-2,0,2,-2,-2,0
L,-2,-2,-4,-4,-1,-2,-3,-4,-3,2,4,-3,2,0,-3,-3,-1,-2,-1,1
S,2,-2,-1,-2,-1,-1,-1,-1,-2,0,-1,-1,0,-2,-1,2,0,-3,-2,2
S,0,0,0,1,-3,1,4,-2,0,-3,-3,0,-2,-3,-1,2,0,-3,-2,-2
S,0,3,-1,-2,-2,0,-1,-2,-1,0,-1,0,-1,-2,-2,2,0,-3,-2,2
Q,-1,-1,-2,-2,-2,3,0,-3,-1,1,2,-1,4,-1,-2,-1,-1,-2,-1,0
G,0,-2,-1,-1,-2,-1,-1,3,-2,-1,0,-1,3,-2,-2,2,0,-2,-2,-1
T,2,3,-1,-2,-1,0,-1,-1,-1,-2,-2,1,-1,-3,-1,1,2,-3,-2,-1
I,-1,-3,-3,-4,6,-3,-3,-3,-3,2,2,-3,1,-1,-3,-2,-1,-2,-2,1
E,0,0,0,0,-2,4,3,-1,0,-3,-3,1,-1,-3,-1,2,0,-3,-2,-2
T,0,0,0,-1,-2,3,0,-2,-1,-1,-2,0,-1,-3,-1,1,4,-2,-2,-1
S,-1,-1,4,4,-2,0,0,-1,0,-3,-3,0,-2,-3,-2,2,0,-4,-2,-3
L,-2,-3,-4,-4,-1,-3,-3,-4,-3,4,3,-3,1,0,-3,-3,-1,-2,-1,2
Q,0,-1,-1,-1,-1,3,0,-2,-1,1,-1,0,0,-2,-2,0,3,-3,-2,2
D,-2,-1,1,5,-4,1,3,-2,-1,-3,-4,0,-3,-4,-1,0,-1,-4,-3,-3
I,-1,-2,-2,-2,-1,-2,-2,-3,-3,2,2,-2,1,-1,-2,-1,2,-2,-1,1
D,-1,0,0,3,-3,5,2,-2,0,-3,-3,1,-1,-4,-2,0,-1,-3,-2,-3
S,0,3,0,0,-3,1,3,-2,0,-3,-3,1,-2,-3,-1,2,0,-3,-2,-2
R,1,3,0,-1,-2,0,0,-1,-1,-3,-3,1,-2,-3,-1,3,1,-3,-2,-2
L,-2,3,-2,-3,-2,-1,-2,-3,-2,1,3,0,1,0,-3,-2,-1,-2,-1,0
S,1,1,0,0,-2,0,0,-1,-1,-3,-3,3,-2,-3,-1,3,1,-3,-2,-2
P,-1,0,0,-1,-2,3,1,-1,0,-2,-2,0,-1,-2,5,0,-1,-2,-1,-1
G,0,-1,0,-1,-2,-1,-1,5,-1,-2,-2,-1,-2,-2,-1,0,-1,-1,-2,-2
G,0,-1,0,-1,-2,-1,-1,5,-1,-2,-2,-1,-2,-2,-1,0,-1,-1,-2,-2
S,1,-1,0,-1,-1,0,0,-1,-1,-2,-2,0,-1,-2,-1,4,3,-3,-2,-1
L,-2,-2,-4,-4,-1,-2,-3,-4,-3,2,4,-3,2,0,-3,-3,-1,-2,-1,1
A,3,-1,3,0,-1,-1,-1,0,-1,-2,-2,-1,-1,-3,-1,1,0,-3,-2,-1
D,-2,5,0,3,-4,1,0,-2,-1,-3,-3,2,-2,-3,-2,-1,-1,-3,-2,-3
A,2,-1,-1,1,-2,1,4,-1,-1,-3,-3,0,-2,-3,-1,0,-1,-3,-2,-2
W,-2,-3,-4,-4,-2,-2,-3,-3,-3,1,3,-3,1,1,-3,-3,-2,8,0,0
A,2,-2,-2,-3,-1,-2,-2,-2,0,1,0,-2,0,1,-2,-1,-1,0,4,2
H,-1,4,0,-1,-3,1,0,-2,5,-3,-3,3,-2,-2,-2,-1,-1,-3,0,-3
Q,0,3,0,-1,-2,3,1,-1,0,-3,-2,1,-1,-3,-1,2,0,-3,-2,-2
E,-1,3,-1,-1,-3,1,2,-3,-1,-1,1,1,0,-1,-2,-1,-1,-2,-2,-1
G,-1,3,0,3,-3,0,0,3,-1,-3,-3,0,-2,-3,-2,-1,-1,-3,-3,-3
T,-1,0,0,0,-2,4,3,-2,0,-2,-2,1,-1,-3,-1,0,2,-3,-2,-2
H,-1,0,-1,-2,-2,0,0,-2,5,0,-1,2,-1,-2,-2,-1,-1,-3,0,2
P,-1,-1,-1,-2,-3,-1,-1,-2,5,-3,-3,-1,-2,-3,7,-1,-1,-3,-1,-3
K,-1,4,0,0,-4,1,3,-2,0,-3,-3,3,-2,-3,-2,0,-1,-3,-2,-3
D,-2,-2,1,6,-4,0,1,-1,-1,-3,-4,-1,-3,-4,-2,0,-1,-5,-3,-3
R,-1,5,0,-1,-3,4,1,-2,0,-3,-2,2,-1,-3,-2,-1,-1,-3,-2,-3
N,0,3,3,0,-2,0,0,-1,0,-3,-3,1,-2,-3,-2,2,0,-3,-2,-2
V,-1,-2,-2,-2,-1,-2,-2,-3,-3,3,1,-2,0,-1,-2,0,3,-3,-2,3
E,-1,0,0,1,-4,4,5,-2,0,-3,-3,1,-1,-3,-1,0,-1,-3,-2,-3
K,-1,1,0,3,-3,3,1,-2,0,-3,-3,3,-2,-3,-1,0,-1,-3,-2,-3
L,0,-2,-1,-2,-1,-2,-2,-2,-2,2,2,-2,1,-1,-2,2,0,-2,-1,1
Q,-1,1,0,0,-3,6,2,-2,0,-3,-2,1,-1,-3,-1,0,-1,-2,-2,-2
V,-1,-2,-2,-1,6,0,2,-3,-2,0,-1,-1,-1,-2,-2,-1,-1,-3,-2,1
L,-1,-2,-3,-4,6,-2,-3,-3,-3,1,2,-2,4,-1,-3,-2,-1,-2,-2,0
L,-1,-2,-3,-4,-1,-2,-3,-4,-3,2,3,-3,2,0,-3,-2,-1,-2,-1,2
N,-2,3,3,4,-3,0,1,-1,0,-3,-3,1,-2,-3,-2,0,-1,-4,-2,-3
C,-1,0,-2,-2,6,-1,-1,-3,-2,0,2,2,0,-1,-2,-1,-1,-2,-2,-1
M,-1,-2,-3,-4,-2,-1,-2,-3,-2,1,3,-2,5,0,-3,-2,-1,-2,-1,1
T,-1,-1,3,-1,-2,-1,-1,-2,-1,0,2,-1,0,-1,-2,0,2,-3,-2,0
E,-1,0,-1,0,-3,3,3,-2,0,-2,-1,0,-1,4,-2,-1,-1,-1,1,-2
I,2,-3,-3,-3,-1,-2,-2,-2,-3,3,1,-2,1,-1,-2,-1,-1,-3,-2,2
Y,-2,-2,-3,-3,-2,-2,-3,-4,1,2,0,-2,0,2,-3,-2,-1,1,6,1
Y,-1,1,-1,-1,-3,3,1,-2,1,-2,-2,3,-1,0,-2,-1,-1,0,4,-2
Q,0,0,0,0,-2,5,1,-1,0,-3,-2,1,-1,-3,-1,2,0,-2,-2,-2
F,-2,-3,-3,-4,-3,-3,-3,-3,-1,0,0,-3,0,7,-4,-3,-2,1,3,-1
K,-1,2,0,0,-3,1,3,-2,-1,-3,-3,4,-2,-3,-1,0,-1,-3,-2,-3
K,-1,2,0,-1,-3,1,1,-2,-1,-3,-3,5,-2,-3,-1,0,-1,-3,-2,-2
D,0,-1,1,3,-1,0,1,0,-1,-2,-2,0,-1,-2,-1,2,0,-2,-1,-1
K,-1,4,0,-1,-2,2,0,-1,0,-2,-1,2,-1,-2,-1,0,-1,-2,-1,-2
A,2,-1,-1,-1,-1,0,-1,-1,-1,0,1,-1,3,-1,-1,0,0,-1,-1,0
E,-1,4,0,0,-4,1,3,-2,0,-3,-3,3,-2,-3,-2,0,-1,-3,-2,-3
R,-1,3,-2,-2,-2,-1,-1,-3,-2,0,-1,0,-1,-2,5,-1,-1,-3,-2,1
R,-1,5,-1,-2,-3,0,-1,3,-1,-3,-3,1,-2,-3,-2,-1,-1,-3,-2,-3
L,-1,-2,-3,-4,-1,-2,-3,-4,-3,2,3,-3,2,0,-3,-2,-1,-2,-1,2
A,2,-2,-2,-2,-1,-2,-2,3,-2,2,0,-2,0,-2,-2,0,-1,-3,-2,1
Y,-2,-2,-2,-3,-3,-2,-2,-3,2,-2,-1,-2,-1,3,-3,-2,-2,2,7,-1
N,-1,-1,5,1,-2,0,-1,-1,0,-2,-3,0,-2,-3,-2,1,3,-3,-2,-2
E,-1,0,0,1,-4,4,5,-2,0,-3,-3,1,-2,-3,-1,0,-1,-3,-2,-3
E,-1,-1,-1,1,-3,1,4,-3,-1,-1,1,0,0,-2,-2,-1,-1,-3,-2,-1
Q,0,0,0,0,-2,5,1,-1,0,-3,-2,1,-1,-3,-1,2,0,-2,-2,-2
I,-1,0,-2,-2,-2,-1,-1,-3,-2,3,1,2,0,-1,-2,-2,-1,-3,-2,2
H,-1,-1,0,-1,-2,0,0,-2,7,-2,-2,-1,-1,-2,-2,0,2,-3,1,-2
K,-1,1,-1,-1,-2,0,0,-2,-1,0,-1,4,-1,-2,-2,-1,-1,-3,-2,2
F,-1,-3,-3,-4,-2,-3,-3,-4,-2,2,2,-3,1,4,-3,-2,-1,-1,1,2
D,-1,-2,0,5,6,-1,0,-2,-2,-3,-3,-1,-3,-3,-2,-1,-1,-4,-3,-2
K,-1,2,0,-1,-3,1,1,-2,-1,-3,-3,5,-2,-3,-1,0,-1,-3,-2,-2
Q,-1,0,-1,-1,-2,5,1,-2,0,0,-1,0,0,-2,-2,-1,-1,-2,-2,2
K,-1,1,4,0,-3,1,0,-1,0,-3,-3,4,-2,-3,-1,0,-1,-3,-2,-3
L,2,-2,-3,-3,-1,-2,-2,-2,-2,0,2,-2,1,4,-2,-1,-1,-1,1,0
Y,0,-2,-1,-2,-2,-1,-2,-2,0,0,2,-1,0,1,-2,2,0,0,4,-1
Y,-2,-1,0,0,-3,1,3,-3,5,-3,-2,0,-2,0,-2,-1,-2,0,4,-2
H,-2,-2,-2,-3,-2,-1,-2,-3,5,1,3,-2,1,0,-3,-2,-1,-2,0,0
A,3,-2,-2,-2,-1,-1,-2,-1,-2,0,2,-1,0,-1,-1,0,0,-2,-2,0
T,-1,0,-1,-1,-2,0,0,-2,-2,-2,-2,2,-2,-3,5,0,2,-3,-2,-2
K,-1,4,0,-1,-3,1,0,-2,-1,-3,-3,4,-2,-3,-2,0,-1,-3,-2,-3
A,2,-1,-1,-1,-1,-1,-1,-1,-1,0,2,-1,1,0,-1,0,0,-1,-1,0
M,-1,-1,-2,-2,-1,-1,-1,-2,-1,1,3,-1,3,0,-1,-1,-1,-1,-1,0
T,0,0,0,0,-1,3,1,-1,0,-1,-1,0,0,-2,-1,1,2,-1,-1,-1
H,0,-1,-1,-1,-1,0,-1,-1,5,1,0,-1,0,-1,-1,-1,0,-2,0,2
F,-1,-2,-2,-2,-2,-2,-2,-2,-1,0,0,-2,0,5,-2,-1,-1,1,2,-1
T,0,0,0,0,-1,3,1,-1,0,-1,-1,0,0,-2,-1,1,2,-1,-1,-1
D,-1,0,0,4,-2,1,3,-1,0,-2,-2,0,-2,-2,-1,0,-1,-2,-2,-2
E,-1,0,0,1,-2,1,4,-1,0,-2,-2,1,-1,-2,-1,0,-1,-2,-1,-2
C,0,-2,-2,-2,8,-2,-2,-1,-2,-1,-1,-2,-1,-2,-1,-1,-1,-1,-2,-1
V,0,-3,-3,-3,-1,-2,-3,-3,-3,3,1,-2,1,-1,-3,-2,0,-3,-1,4
K,-1,1,0,0,-3,4,3,-2,0,-3,-3,3,-1,-3,-1,0,-1,-3,-2,-2
K,-1,2,0,0,-3,1,3,-2,-1,-3,-3,4,-2,-3,-1,0,-1,-3,-2,-3
Y,-1,-2,-3,-3,-2,-2,-2,-3,1,1,0,-2,0,2,-3,-2,-1,1,6,2
E,-1,0,-1,0,-2,3,3,-2,-1,0,-1,0,0,-2,-2,-1,-1,-3,-2,1
A,4,-1,-1,-1,-1,-1,-1,0,-1,-2,-2,-1,-1,-2,-1,3,0,-3,-2,-1
F,0,-2,-1,-2,-2,-2,-2,-2,-2,0,2,-2,1,3,-2,2,0,-1,1,0
L,-1,-2,-3,-4,-1,-2,-3,-4,-3,1,4,-2,4,0,-3,-2,-1,-2,-1,1
N,-1,-1,5,0,-2,-1,-1,-1,0,0,-1,-1,-1,-2,-2,0,0,-4,-2,2
K,-1,1,0,0,-2,1,3,-2,-1,-2,-2,2,-1,-3,-1,0,3,-3,-2,-1
S,-1,-1,1,3,-2,0,1,-1,5,-3,-3,-1,-2,-2,-2,2,0,-3,0,-3
E,-1,-1,0,1,-3,1,4,3,-1,-4,-3,0,-2,-3,-2,0,-1,-3,-3,-3
E,-1,2,0,0,-3,1,3,-2,-1,-3,-3,4,-2,-3,-1,0,-1,-3,-2,-3
W,-1,3,-1,-2,-2,0,-1,-2,-1,-2,-2,0,-1,-1,-2,0,2,8,0,-2
I,-1,-2,-3,-3,-1,-2,-3,-3,-3,3,2,-2,4,0,-3,-2,-1,-2,-1,3
R,-1,5,-1,-2,-2,0,-1,-3,-1,0,-1,1,-1,-2,-2,-1,-1,-3,-2,1
K,-1,3,-1,-2,-2,0,0,-2,-1,0,-1,3,-1,-2,-2,-1,-1,-3,-2,2
M,-1,-2,-3,-4,-1,-2,-3,-3,-3,2,3,-2,4,0,-3,-2,-1,-2,-1,2
L,-1,0,0,-1,-3,3,0,-3,5,-1,1,0,0,-1,-2,-1,-1,-2,0,-1
H,-1,0,0,1,-4,1,4,-2,5,-3,-3,0,-2,-3,-2,0,-1,-3,0,-3
L,-1,0,-1,-2,-2,0,-1,-2,-2,0,1,2,0,-1,-2,0,2,-2,-2,0
R,-2,6,-1,-2,-4,1,0,-3,0,-3,-2,2,-2,-3,-2,-1,-1,-3,-2,-3
K,-1,1,4,0,-3,3,1,-1,0,-3,-3,3,-1,-3,-2,0,-1,-3,-2,-3
Q,-1,1,0,-1,-3,3,1,-2,5,-3,-3,3,-1,-3,-2,0,-1,-3,0,-3
L,-1,-1,-2,-1,-2,0,2,-3,-2,1,3,-1,1,0,-2,-2,-1,-2,-1,0
L,-2,3,-2,-3,-2,-1,-2,-3,-2,1,3,0,1,0,-3,-2,-1,-2,-1,0
S,0,-2,-2,-2,-1,-1,-2,-2,-2,1,3,-2,1,0,-2,1,0,-2,-1,0
L,-1,-2,-3,-4,-1,-2,-3,-4,-3,2,3,-3,2,0,-3,-2,-1,-2,-1,2
T,0,0,0,-1,-2,0,-1,3,-2,-2,-2,2,-2,-3,-2,0,2,-3,-2,-2
N,-1,-2,3,-1,6,-2,-2,-2,-2,2,0,-2,-1,-2,-3,-1,-1,-3,-2,1
Q,2,0,0,-1,-1,3,0,-1,-1,-2,-2,0,-1,-3,-1,2,0,-3,-2,-1
C,0,-3,-3,-4,8,-3,-3,-3,-3,1,0,-3,-1,-2,-3,-1,-1,-3,-2,2
F,2,-2,-1,-2,-1,-1,-1,-1,-1,-1,-1,-1,-1,3,-2,2,0,-1,1,-1
D,2,0,0,3,-2,0,1,-1,-1,-2,-3,2,-2,-3,-1,0,-1,-3,-2,-2
I,-1,-3,-3,-3,6,-3,-3,-3,-3,3,0,-3,0,-1,-3,-2,-1,-3,-2,3
E,-1,3,4,1,-3,1,3,-2,0,-3,-3,1,-2,-3,-2,0,-1,-3,-2,-3
E,0,-1,0,0,-2,0,2,3,-1,-2,-3,0,-2,-3,-2,0,2,-3,-2,-2
E,-1,-1,-1,1,-4,1,4,-2,-1,-3,-3,0,-2,-4,5,0,-1,-3,-3,-3
V,2,-2,-3,-3,-1,-2,-2,-2,-3,2,0,-2,0,-1,-2,0,0,-3,-2,3
S,1,0,0,0,-2,3,1,-1,0,-3,-3,0,-1,-3,-1,3,1,-3,-2,-2
K,0,0,0,-1,-3,-1,-1,5,-2,-4,-3,2,-2,-3,-2,0,-1,-3,-3,-3
Y,0,-2,-1,-2,-1,-1,-1,-2,0,1,-1,-1,0,1,-2,2,0,0,4,2
Q,-1,0,-1,-1,-3,5,1,-2,0,-3,-3,1,-1,-4,5,0,-1,-3,-2,-2
E,-1,-1,0,4,-4,1,4,-2,-1,-3,-3,0,-3,-4,-1,0,-1,-3,-3,-3
Y,0,-1,0,-1,-1,-1,-1,-1,0,-2,-2,-1,-1,0,-1,3,1,0,4,-2
T,-1,-2,-2,-3,-1,-1,-2,-3,-2,1,2,-2,4,0,-2,-1,2,-2,-1,0
N,0,-1,5,1,-2,0,0,0,0,-3,-3,0,-2,-3,-2,2,0,-4,-2,-3
E,2,1,-1,0,-2,1,3,-1,-1,-2,-2,3,-2,-3,-1,0,-1,-3,-2,-2
L,0,-2,-1,-2,-1,-1,-2,-2,-2,1,3,-2,1,0,-2,2,0,-2,-1,0
Q,-1,3,-1,-2,-3,3,0,-3,-1,-1,1,1,0,-1,-2,-1,-1,-2,-2,-1
E,-1,-1,-1,0,-3,1,4,-3,-1,-1,1,0,0,-2,-2,-1,-1,-3,-2,-1
T,0,-1,0,0,-2,1,3,-1,-1,-2,-2,0,-1,-3,-1,2,3,-3,-2,-1
L,-1,-1,-2,-2,-2,3,0,-3,-1,1,3,-1,1,-1,-2,-2,-1,-2,-1,0
P,0,-2,-1,-1,-2,-1,-1,-2,-2,-3,-3,-1,-2,-3,7,2,0,-4,-3,-2
Q,-1,0,0,-1,-3,3,0,3,5,-4,-3,0,-2,-3,-2,-1,-1,-2,0,-3
K,-1,1,0,-1,-3,5,2,-2,0,-3,-2,3,-1,-3,-1,0,-1,-2,-2,-2
M,-1,-2,-3,-4,-1,-2,-3,-4,-3,1,4,-2,4,0,-3,-2,-1,-2,-1,1
F,-2,-2,-3,-4,-2,-2,-3,-3,-2,1,3,-2,4,4,-3,-2,-1,-1,1,0
T,0,0,0,-1,-2,3,1,-1,-1,-2,-2,0,-1,-3,-1,2,3,-3,-2,-1
A,3,0,-1,-1,-1,3,0,0,-1,-2,-2,0,-1,-3,-1,1,0,-3,-2,-1
S,0,0,0,-1,-2,0,0,-1,-1,-3,-3,3,-2,-3,5,2,0,-3,-2,-2
S,1,-1,0,-1,-1,-1,-1,3,-1,-3,-3,-1,-2,-3,-1,3,1,-3,-2,-2
G,2,-2,-1,-1,-1,-1,-1,3,-2,-2,-2,-1,-1,-3,-1,1,3,-3,-2,-1
I,2,-1,-1,-2,-1,3,0,-1,-1,1,0,0,0,-2,-2,0,-1,-3,-2,1
K,2,0,0,-1,-1,0,0,0,-1,-2,-2,2,-1,-3,-1,2,0,-3,-2,-1
H,0,-1,4,0,-2,0,0,-1,5,-3,-3,0,-2,-2,-2,2,0,-3,0,-3
T,0,-1,0,-1,-2,-1,-1,-1,-2,-2,-2,-1,-2,-3,5,2,3,-3,-2,-1
M,-1,-2,-3,-3,-2,-1,-2,-3,-2,0,2,-2,3,-1,5,-2,-1,-2,-2,0
T,-1,-2,-1,-2,-2,-1,-1,-2,-2,-2,-2,-1,-2,-3,7,0,2,-4,-3,-2
P,-1,-1,-1,-1,-1,-1,-1,-2,-2,2,0,-1,0,-1,4,-1,-1,-2,-1,1
I,2,-1,-1,-1,-1,-1,-1,-1,-1,2,0,-1,0,-1,-1,0,0,-1,-1,1
Y,-1,-1,-1,-1,-2,-1,-1,-1,0,-1,-1,-1,-1,1,5,-1,-1,0,4,-1
P,-1,-1,-1,0,-3,0,3,-3,0,-2,-2,-1,-2,0,4,-1,-1,0,4,-2
S,0,-2,-1,-1,-2,-1,-1,-2,-2,-3,-3,-1,-2,-3,7,2,0,-4,-3,-2
S,3,-1,0,-1,-1,0,0,0,-1,-2,-2,0,-1,-3,-1,3,1,-3,-2,-1
N,-1,0,3,0,-3,0,0,-1,-1,-3,-3,3,-2,-3,5,0,-1,-4,-2,-3
T,0,0,0,-1,-2,0,0,-2,-1,-1,-2,3,-1,-3,-1,1,4,-3,-2,-1
L,0,3,-1,-2,-2,0,-1,-2,-1,-1,1,0,0,-1,-2,2,0,-3,-2,-1
V,-1,0,-1,0,-3,1,3,-2,-1,0,-1,3,-1,-2,-2,-1,-1,-3,-2,1
E,-1,-1,0,4,-4,1,4,-2,-1,-3,-3,0,-3,-4,-1,0,-1,-4,-3,-3
M,-1,-2,-3,-4,-1,-2,-3,-4,-3,1,4,-2,4,0,-3,-2,-1,-2,-1,1
T,-1,-2,-2,-3,-1,-2,-2,-3,-3,2,2,-2,1,-1,-2,-1,2,-2,-1,2
L,2,-2,-3,-3,-1,-2,-2,-2,-3,1,3,-2,1,0,-2,-1,-1,-2,-1,0
G,-1,-1,0,0,-3,1,3,3,5,-4,-3,0,-2,-3,-2,-1,-1,-3,0,-3
M,2,-2,-2,-3,-1,-1,-2,-2,-2,0,1,-1,5,-1,-2,0,-1,-2,-1,0
K,-1,1,0,-1,-3,4,1,-2,5,-3,-3,3,-1,-3,-2,0,-1,-3,0,-3
K,-1,1,4,1,-3,1,3,-1,0,-3,-3,2,-2,-3,-1,0,-1,-3,-2,-3
L,-2,-2,-4,-4,-1,-2,-3,-4,-3,2,4,-3,2,0,-3,-3,-1,-2,-1,1
K,-1,-1,-2,-3,8,-1,-2,-2,-2,-2,-2,2,-2,-3,-2,-1,-1,-3,-2,-1
E,-1,-1,0,1,-3,1,4,-2,-1,-2,-2,0,-2,-3,-1,0,3,-3,-2,-2
E,-1,-2,-1,-1,-2,0,2,3,-2,-1,1,-1,0,-1,-2,-1,-1,-2,-2,-1
M,-1,-2,-3,-4,-2,-1,-2,-3,-2,1,3,-2,5,0,-3,-2,-1,-2,-1,1
E,-1,1,0,1,-4,2,4,-2,0,-3,-3,3,-2,-3,-1,0,-1,-3,-2,-3
G,-1,-2,3,-1,-2,-1,-2,3,-1,-1,1,-1,0,-1,-2,-1,-1,-3,-2,-1
V,2,-2,-3,-3,-1,-2,-2,-2,-3,1,2,-2,1,-1,-2,-1,0,-2,-1,2
V,2,-2,-3,-3,-1,-2,-2,-2,-3,3,1,-2,0,-1,-2,-1,0,-3,-2,3
K,0,1,0,0,-2,3,1,-1,0,-3,-3,3,-1,-3,-1,2,0,-3,-2,-2
E,-2,-1,1,5,-4,0,3,-2,-1,-3,-4,0,-3,-4,-2,0,-1,-4,-3,-3
L,-2,-2,-4,-4,-1,-2,-3,-4,-3,2,4,-3,2,0,-3,-3,-1,-2,-1,1
A,2,-2,-3,-3,-1,-2,-2,-1,-2,1,3,-2,1,-1,-2,0,-1,-2,-1,0
E,-1,-1,1,5,-4,1,4,-2,-1,-3,-3,0,-3,-4,-1,0,-1,-4,-3,-3
N,-2,0,6,1,-3,0,0,0,1,-3,-4,0,-2,-3,-2,1,0,-4,-2,-3
N,-2,0,6,1,-3,0,0,0,1,-3,-4,0,-2,-3,-2,1,0,-4,-2,-3
H,-2,4,0,-1,-3,1,0,-2,6,-3,-3,1,-2,-2,-2,-1,-1,-3,0,-3
I,-1,-3,-3,-3,-1,-3,-3,-4,-3,4,2,-3,1,0,-3,-3,-1,-3,-1,3
L,-1,-3,-3,-4,-1,-3,-3,-4,-3,3,3,-3,2,0,-3,-3,-1,-2,-1,2
E,-1,0,0,2,-4,2,5,-2,0,-3,-3,1,-2,-3,-1,0,-1,-3,-2,-3
R,-2,6,0,-2,-4,1,0,-2,0,-3,-2,2,-1,-3,-2,-1,-1,-3,-2,-3
F,-2,-3,-3,-4,-2,-3,-3,-4,-2,1,3,-3,1,5,-3,-3,-2,0,2,0
G,0,-2,0,-1,-3,-2,-2,6,-2,-4,-4,-2,-3,-3,-2,0,-2,-3,-3,-3
S,1,-1,1,0,-1,0,0,0,-1,-2,-3,0,-2,-3,-1,4,1,-3,-2,-2
L,-2,-2,-4,-4,-1,-2,-3,-4,-3,2,4,-3,2,0,-3,-3,-1,-2,-1,1
T,0,-1,0,-1,-1,-1,-1,-2,-2,-1,-1,-1,-1,-2,-1,1,5,-3,-2,0
M,-1,-1,-2,-3,-2,0,-2,-3,-2,1,2,-1,6,0,-3,-2,-1,-2,-1,1
D,-2,-2,1,6,-4,0,2,-1,-1,-3,-4,-1,-3,-4,-2,0,-1,-4,-3,-3
G,0,-2,0,-1,-3,-2,-2,6,-2,-4,-4,-2,-3,-3,-2,0,-2,-3,-3,-3
G,0,-2,0,-1,-3,-2,-2,6,-2,-4,-4,-2,-3,-3,-2,0,-2,-3,-3,-3
L,-2,-2,-4,-4,-1,-2,-3,-4,-3,2,4,-3,2,0,-3,-3,-1,-2,-1,1
R,-1,6,0,-2,-4,1,0,-2,0,-3,-2,2,-1,-3,-2,-1,-1,-3,-2,-3
N,-2,0,6,1,-3,0,0,0,1,-3,-4,0,-2,-3,-2,1,0,-4,-2,-3
V,0,-3,-3,-3,-1,-2,-3,-3,-3,3,1,-2,1,-1,-2,-2,0,-3,-1,4
D,-2,-2,1,6,-4,0,2,-1,-1,-3,-4,-1,-3,-4,-2,0,-1,-4,-3,-3
C,0,-4,-3,-4,9,-3,-4,-3,-3,-1,-1,-3,-2,-3,-3,-1,-1,-2,-3,-1
L,-2,-2,-4,-4,-1,-2,-3,-4,-3,2,4,-3,2,0,-3,-3,-1,-2,-1,1
